"13000","4803","58533","8.7","5.2","28.6","17.4"
"13001","4678","47424","12.5","22.9","23.2","37.8"
"13002","1346","52792","4.8","13.9","49.7","30.1"
"13003","1872","149220","4.9","10.6","26.4","33.9"
"13004","2264","149466","5.4","13.1","30.4","30.5"
"13005","291","64204","3.6","19.2","25.8","36.3"
"13006","2935","85994","10.7","12.9","48.5","39.6"
"13007","2765","46015","5.3","9.5","40.4","28.5"
"13008","2663","50209","8.3","6.8","42.2","36.6"
"13009","406","113529","11.2","17.4","23.1","34.0"
"13010","631","145880","8.4","24.5","40.2","37.3"
"13011","4317","147841","13.9","17.7","35.6","34.9"
"13012","2796","46140","12.2","23.9","34.3","15.3"
"13013","4787","82802","6.3","22.6","35.2","38.5"
"13014","158","130144","4.6","8.1","38.9","32.4"
"13015","1673","81057","13.7","22.6","22.5","16.0"
"13016","1240","84816","7.8","5.0","37.6","17.2"
"13017","1910","100408","7.6","15.2","34.6","22.4"
"13018","3298","128154","12.7","15.5","31.1","38.8"
"13019","3576","105748","3.1","19.5","36.6","20.8"
"13020","4594","108813","8.4","20.1","30.9","32.5"
"13021","2662","72764","11.6","9.6","24.2","18.5"
"13022","2952","117227","13.2","22.6","22.0","17.2"
"13023","1041","107428","13.6","8.6","23.7","29.3"
"13024","4723","140423","8.6","24.2","39.7","26.6"
"13025","1874","96889","13.2","24.7","42.4","36.1"
"13026","1521","27751","3.4","18.9","40.2","35.7"
"13027","535","71379","6.7","18.0","20.2","39.7"
"13028","939","35363","3.1","24.6","35.9","35.1"
"13029","4101","44227","5.0","9.8","20.4","37.6"
"13030","4555","99019","11.7","17.9","21.9","29.4"
"13031","2781","54092","3.1","13.1","22.2","34.1"
"13032","1750","133414","9.3","8.4","23.2","27.3"
"13033","1345","140499","8.0","7.6","21.1","23.5"
"13034","2361","141785","4.5","19.0","21.9","25.4"
"13035","1015","133505","11.2","9.6","41.7","20.8"
"13036","2739","74008","11.3","17.0","34.7","36.5"
"13037","3989","86622","11.7","9.8","48.7","25.5"
"13038","4581","53918","12.2","14.1","36.8","23.7"
"13039","1426","89599","6.8","19.8","49.1","38.8"
"13040","3458","91185","14.9","15.6","29.0","18.3"
"13041","1685","125901","3.9","22.4","32.9","25.7"
"13042","3468","123864","10.8","15.5","39.1","39.1"
"13043","488","72175","14.6","8.9","38.6","24.7"
"13044","2891","66729","5.7","22.9","20.1","34.5"
"13045","3432","144339","6.3","13.4","35.1","31.9"
"13046","803","57034","9.9","22.3","33.3","25.4"
"13047","2920","91039","12.4","9.6","26.4","37.9"
"13048","1159","50203","6.9","17.7","42.0","35.2"
"13049","4274","39996","13.0","8.3","43.5","15.4"
"13050","1398","134880","5.9","6.6","38.3","23.6"
"13051","1401","57602","13.5","25.0","32.3","20.8"
"13052","773","78014","6.0","5.2","30.4","19.2"
"13053","2459","52935","10.4","16.8","24.3","21.2"
"13054","4399","55425","7.3","5.3","39.1","25.8"
"13055","4212","146339","6.9","16.0","43.1","22.9"
"13056","4671","87534","7.2","7.0","23.8","38.1"
"13057","3682","70216","9.0","20.8","31.3","16.3"
"13058","1116","104632","13.1","10.9","32.7","23.2"
"13059","309","59942","12.1","11.9","41.4","26.6"
"13060","598","28527","8.4","10.0","22.7","19.2"
"13061","528","38993","6.4","7.3","27.6","19.6"
"13062","3739","55224","13.3","15.0","39.4","17.6"
"13063","3251","30423","13.4","14.0","48.9","35.0"
"13064","2205","52113","8.4","15.8","42.6","15.4"
"13065","1653","68246","11.4","17.5","41.8","34.7"
"13066","3306","84567","7.4","6.8","26.8","31.7"
"13067","2669","51833","4.8","13.3","29.8","32.5"
"13068","2728","39307","6.9","16.9","28.6","34.2"
"13069","1976","40928","11.2","11.5","42.4","17.2"
"13070","1167","146190","12.2","8.8","20.8","18.7"
"13071","1606","71268","13.2","17.1","32.5","28.8"
"13072","3113","85924","3.2","19.4","43.2","18.7"
"13073","1767","114643","8.8","20.0","24.3","23.8"
"13074","4688","106814","6.3","11.5","48.3","30.9"
"13075","4800","51571","11.2","7.0","47.3","15.8"
"13076","4166","99361","5.9","23.3","49.1","28.4"
"13077","1047","80254","9.8","18.8","36.3","23.6"
"13078","4489","49372","11.5","24.0","24.4","30.8"
"13079","1271","128456","12.2","7.9","42.9","29.4"
"13080","271","74652","6.2","18.1","45.3","25.3"
"13081","4726","72415","4.1","8.9","22.4","25.8"
"13082","1243","26563","5.6","22.3","33.3","25.9"
"13083","1959","45459","10.2","15.4","38.2","33.7"
"13084","2288","75326","3.5","15.7","40.0","17.7"
"13085","2593","116710","4.9","23.6","34.7","24.6"
"13086","3677","114606","14.9","11.1","21.5","27.3"
"13087","288","109078","7.6","17.4","37.7","17.5"
"13088","4176","76136","9.0","7.9","22.8","18.8"
"13089","257","114219","3.1","12.3","22.2","36.7"
"13090","2817","41903","10.1","8.9","22.5","27.3"
"13091","2070","67877","6.9","9.0","48.4","31.2"
"13092","345","59096","9.4","18.2","40.7","19.3"
"13093","3003","48580","9.3","10.7","38.5","31.2"
"13094","2895","113913","14.6","10.0","42.0","15.4"
"13095","3924","39134","6.2","21.2","27.3","24.0"
"13096","2477","66892","9.8","14.5","29.4","36.3"
"13097","949","48902","7.6","12.6","47.1","18.9"
"13098","1910","51117","8.1","21.3","39.7","15.3"
"13099","4086","130963","3.7","14.8","45.0","22.2"
"13100","2226","107327","11.3","21.3","48.4","16.0"
"13101","4364","75683","5.3","11.4","33.5","25.2"
"13102","3130","74775","8.6","24.2","37.4","26.2"
"13103","2407","106000","8.2","23.5","29.2","34.5"
"13104","3176","27766","8.6","21.5","45.1","37.2"
"13105","2444","78799","7.5","9.3","33.6","20.1"
"13106","719","76979","5.9","19.5","41.6","36.2"
"13107","3002","94951","8.4","21.4","37.0","23.2"
"13108","2507","54741","3.6","12.3","35.9","26.0"
"13109","4552","122520","5.9","7.8","24.7","22.6"
"13110","3104","91202","12.4","10.4","41.7","30.0"
"13111","4014","132123","13.1","16.7","21.6","36.1"
"13112","2586","36300","11.6","10.0","43.4","22.5"
"13113","3502","126580","10.6","18.2","47.7","20.8"
"13114","3696","51360","12.7","12.8","44.0","22.5"
"13115","1777","30605","4.5","9.5","25.7","28.1"
"13116","4139","124437","9.3","17.3","29.2","37.8"
"13117","1404","75661","4.4","6.5","26.3","31.9"
"13118","4193","69349","12.3","17.5","26.9","16.8"
"13119","2063","141546","9.2","24.5","44.4","17.0"
"13120","3407","83959","12.7","19.2","21.9","37.0"
"13121","1461","80371","12.6","11.6","34.1","35.8"
"13122","4394","62473","8.6","23.0","37.9","38.6"
"13123","1887","145305","9.0","15.6","48.5","23.3"
"13124","1173","127878","3.3","15.6","39.6","27.3"
"13125","1265","41294","9.3","12.6","41.1","32.5"
"13126","3699","98092","11.1","6.0","36.3","22.9"
"13127","2817","29683","5.8","10.4","31.1","21.5"
"13128","3253","119800","14.8","21.4","30.6","19.8"
"13129","4226","125715","14.7","10.2","41.1","36.5"
"13130","3155","58076","6.4","13.2","31.1","34.4"
"13131","759","130534","11.6","17.7","40.1","26.7"
"13132","4742","45746","3.4","10.6","36.4","37.1"
"13133","2682","96712","11.0","21.2","36.7","39.7"
"13134","1229","125136","10.5","23.0","29.8","18.0"
"13135","2374","47567","12.9","6.2","26.0","23.0"
"13136","4566","103509","6.7","16.5","21.0","36.6"
"13137","1568","133803","13.5","12.0","28.0","31.5"
"13138","2202","64647","13.3","16.1","37.0","30.0"
"13139","3366","41094","11.0","15.9","44.9","28.9"
"13140","2571","47794","8.7","5.2","44.0","26.6"
"13141","1251","27000","10.4","18.0","43.0","33.2"
"13142","192","33858","11.8","9.3","25.2","16.1"
"13143","2666","90287","14.7","16.2","40.4","29.5"
"13144","1381","59452","4.5","22.9","26.9","31.0"
"13145","3000","106120","6.8","8.8","29.9","24.1"
"13146","2899","87846","12.4","10.4","42.2","27.4"
"13147","3277","63385","7.9","6.3","29.0","19.1"
"13148","4611","31782","11.1","14.8","38.8","35.1"
"13149","2704","126380","4.6","22.4","40.3","29.0"
"13150","3981","30116","11.5","15.9","49.0","28.9"
"13151","2513","66405","11.1","12.0","24.8","37.5"
"13152","1644","29383","10.0","23.1","25.4","25.9"
"13153","3630","82176","12.2","15.6","33.8","27.1"
"13154","2746","50657","13.6","24.5","35.8","26.7"
"13155","4884","47170","13.0","20.0","31.6","21.2"
"13156","2158","38081","4.5","23.2","39.1","21.1"
"13157","4614","94287","11.9","18.0","37.9","33.9"
"13158","1245","71620","8.4","24.8","39.8","17.2"
"13159","1010","122361","7.0","15.5","47.1","34.1"
"13160","3406","136366","13.6","17.8","24.4","26.5"
"13161","1666","32785","9.7","7.7","44.5","15.6"
"13162","2495","37564","9.0","23.7","38.1","20.4"
"13163","3105","47479","12.4","11.7","46.5","36.3"
"13164","4607","82183","9.6","18.3","20.5","35.4"
"13165","4348","124849","13.3","12.2","44.9","15.6"
"13166","191","102373","4.2","22.7","26.4","38.8"
"13167","4092","128135","12.3","7.2","48.5","19.0"
"13168","430","101935","5.0","23.0","29.6","35.8"
"13169","1054","52359","5.7","17.5","41.6","36.6"
"13170","3880","115225","5.2","24.1","44.3","31.6"
"13171","2701","115883","5.9","15.1","47.7","23.9"
"13172","3077","39492","11.8","14.9","26.0","25.3"
"13173","4389","112435","10.9","12.2","38.6","29.4"
"13174","629","42396","5.8","11.6","21.1","36.3"
"13175","2992","147084","6.2","7.5","21.8","38.3"
"13176","1366","53259","4.2","11.5","32.4","39.3"
"13177","1573","88742","8.0","17.2","40.8","19.6"
"13178","4834","85594","7.5","6.7","39.6","29.8"
"13179","1697","98490","4.7","8.7","34.0","15.0"
"13180","2625","83596","13.0","22.2","38.1","39.0"
"13181","4893","65302","13.2","6.8","38.6","35.8"
"13182","3861","143891","4.3","9.8","45.2","15.8"
"13183","2842","78529","6.2","5.1","46.6","26.0"
"13184","4735","27668","11.8","19.4","31.5","15.6"
"13185","4525","47917","13.4","22.0","22.0","38.9"
"13186","569","57284","3.9","22.6","27.2","16.1"
"13187","3930","117688","13.8","23.0","22.9","39.4"
"13188","633","70050","3.7","13.1","43.8","32.1"
"13189","4662","51003","10.6","16.2","21.8","28.3"
"13190","4155","126545","3.3","18.6","34.0","19.5"
"13191","3779","91413","14.1","23.3","36.3","30.0"
"13192","4187","140886","7.2","20.9","44.9","38.8"
"13193","861","40433","10.8","14.8","41.0","33.2"
"13194","990","58221","5.2","15.2","38.0","29.5"
"13195","2455","78756","6.9","11.7","37.4","24.3"
"13196","2055","116375","12.0","5.2","34.1","32.2"
"13197","3071","141831","14.7","7.9","47.0","38.6"
"13198","1772","135081","14.9","11.6","25.3","34.9"
"13199","2936","64113","12.7","17.1","48.9","36.2"
"13200","3744","130508","13.2","19.3","38.1","38.6"
"13201","2397","37378","14.6","22.8","27.1","24.1"
"13202","4161","86672","3.5","16.1","42.0","21.9"
"13203","3266","37946","5.0","12.9","31.2","40.0"
"13204","1419","77210","3.6","18.8","23.0","15.5"
"13205","283","77008","9.0","12.8","22.4","16.6"
"13206","1383","34103","14.5","7.2","36.9","27.9"
"13207","2946","137892","10.0","5.1","39.3","15.1"
"13208","2333","89882","9.7","19.2","29.9","20.6"
"13209","4188","134267","12.9","23.0","40.8","25.4"
"13210","1532","116579","14.1","18.6","28.1","33.2"
"13211","3240","25440","11.4","5.6","30.4","35.6"
"13212","1896","124299","13.7","9.4","26.9","23.3"
"13213","4822","92647","5.1","23.9","39.0","16.4"
"13214","2155","61868","9.0","19.2","34.7","27.2"
"13215","3436","135225","7.4","19.7","24.5","19.8"
"13216","882","63983","7.0","21.1","49.2","15.7"
"13217","1607","61236","5.6","23.3","46.9","21.9"
"13218","4970","136208","13.7","13.8","43.5","25.5"
"13219","3954","64241","8.4","13.6","22.9","20.7"
"13220","776","40907","9.4","5.5","33.1","25.2"
"13221","1930","46650","6.3","23.7","35.6","17.5"
"13222","4190","37031","14.6","7.6","48.3","36.5"
"13223","4406","73867","10.3","14.0","30.8","30.6"
"13224","1460","80644","3.0","17.0","40.1","20.6"
"13225","4685","29460","6.2","24.9","36.6","29.6"
"13226","2786","117950","15.0","13.0","44.3","28.1"
"13227","290","56135","14.7","18.4","23.3","31.1"
"13228","942","119832","9.5","24.1","44.8","32.2"
"13229","434","136098","9.8","16.4","39.5","31.1"
"13230","1210","33714","13.8","15.7","23.3","16.3"
"13231","678","50281","11.5","16.5","42.3","26.8"
"13232","161","92295","14.2","21.4","30.0","34.8"
"13233","486","90785","8.7","5.9","22.4","32.5"
"13234","1269","79148","14.7","20.2","33.2","34.9"
"13235","2300","62112","9.5","8.4","25.3","31.2"
"13236","4814","83718","10.7","20.3","28.2","32.5"
"13237","1783","136884","4.0","21.0","49.9","32.8"
"13238","586","105725","10.3","17.5","24.5","22.0"
"13239","3832","31591","12.2","13.8","31.4","30.1"
"13240","640","51402","8.3","19.6","39.9","15.9"
"13241","2160","133626","9.0","5.4","49.2","33.6"
"13242","4346","98244","7.7","18.0","31.2","25.5"
"13243","1338","69438","14.6","9.6","26.4","38.8"
"13244","1090","31482","8.7","18.2","32.2","27.7"
"13245","4567","116215","4.5","7.8","24.8","24.3"
"13246","2399","113158","3.3","8.6","49.6","17.1"
"13247","4007","69953","12.3","14.0","34.2","27.0"
"13248","4388","98986","9.6","15.6","39.8","20.3"
"13249","1180","119329","3.0","13.3","30.7","22.8"
"13250","297","99875","7.6","17.2","27.8","38.7"
"13251","2294","56254","14.0","6.1","22.8","21.8"
"13252","1698","146784","14.4","8.9","43.4","22.5"
"13253","1700","124208","3.6","5.1","36.9","27.1"
"13254","3792","46426","4.5","16.3","26.2","33.3"
"13255","3965","147583","3.1","18.8","40.1","23.2"
"13256","783","81608","13.4","14.7","27.4","19.8"
"13257","3183","139125","3.9","14.2","26.4","31.4"
"13258","4089","109059","4.3","13.5","46.2","16.3"
"13259","432","30143","5.7","11.7","34.8","30.9"
"13260","1871","110098","14.0","16.8","36.0","34.7"
"13261","4300","94683","11.3","5.1","43.1","31.1"
"13262","2821","72814","10.4","16.9","34.4","26.1"
"13263","906","111309","12.4","14.8","27.2","32.9"
"13264","1164","92883","11.3","17.5","41.9","15.5"
"13265","988","72448","12.0","22.1","45.5","29.2"
"13266","3023","79653","3.9","21.6","39.0","28.3"
"13267","420","108511","10.1","21.1","44.1","39.6"
"13268","4057","76393","12.0","13.2","20.9","33.4"
"13269","2482","45012","9.8","12.8","34.6","24.3"
"13270","3331","72539","3.1","9.1","32.5","26.7"
"13271","2411","39720","5.5","5.6","21.7","17.3"
"13272","3701","50430","14.6","15.1","26.3","19.0"
"13273","1600","124054","11.5","24.5","33.0","33.2"
"13274","1668","38683","11.3","20.0","40.4","33.6"
"13275","3381","82063","10.9","15.9","31.6","22.8"
"13276","1619","117479","4.5","11.0","41.7","31.1"
"13277","2018","66198","3.0","7.4","40.2","29.3"
"13278","4189","31535","8.3","10.3","48.8","20.8"
"13279","1965","121225","8.3","15.7","24.2","32.8"
"13280","1505","88402","12.7","17.5","49.2","24.6"
"13281","2823","109615","5.2","12.3","22.4","24.8"
"13282","104","31156","6.3","7.1","44.4","30.8"
"13283","1268","89896","3.9","10.3","29.4","21.2"
"13284","2498","62404","7.8","10.1","32.7","33.9"
"13285","2730","105561","6.1","15.7","28.3","15.5"
"13286","447","67276","6.2","7.1","44.4","20.0"
"13287","4320","43688","6.0","10.8","34.3","34.5"
"13288","1913","25107","5.8","11.9","40.2","37.0"
"13289","3442","59372","6.8","15.5","48.5","30.6"
"13290","2674","76060","9.4","11.0","31.0","36.9"
"13291","3925","90199","8.3","8.0","34.5","18.4"
"13292","4693","141918","3.8","5.5","22.0","31.2"
"13293","152","98457","8.1","8.5","38.0","31.9"
"13294","248","49942","13.2","21.5","29.5","36.1"
"13295","602","48547","4.2","12.0","38.3","20.8"
"13296","969","81853","14.3","15.8","29.1","17.3"
"13297","3621","52485","6.7","14.8","23.3","20.8"
"13298","4414","77746","3.2","10.5","29.2","30.1"
"13299","3971","122564","6.0","21.9","44.6","38.9"
"13300","1400","27921","3.8","23.8","25.5","23.9"
"13301","2599","89770","9.8","9.2","25.3","24.7"
"13302","4133","119380","6.8","21.1","44.7","29.1"
"13303","3389","26740","12.7","20.1","27.7","27.5"
"13304","4933","105631","11.8","21.8","30.0","18.6"
"13305","3953","93354","8.6","13.2","36.2","25.5"
"13306","2551","108273","9.7","18.7","32.7","38.2"
"13307","4485","82795","10.3","8.8","44.6","21.5"
"13308","438","31140","6.2","24.4","37.3","35.9"
"13309","2924","78568","4.7","19.5","41.4","23.7"
"13310","1793","86880","7.5","6.5","41.3","34.9"
"13311","1086","133942","4.1","22.6","22.3","32.0"
"13312","3590","117347","6.8","24.2","49.2","31.5"
"13313","2833","85853","9.6","11.7","22.1","20.3"
"13314","3867","50460","9.5","15.8","48.5","17.1"
"13315","4176","129321","4.4","24.8","49.6","33.6"
"13316","2106","31993","3.1","14.0","27.8","38.7"
"13317","3207","74894","4.1","18.3","39.3","31.1"
"13318","4568","79741","3.4","14.0","21.6","38.8"
"13319","3430","106435","7.8","6.5","40.4","15.8"
"13320","3141","32005","7.7","15.2","25.6","33.1"
"13321","630","98164","5.9","21.5","48.2","28.4"
"13322","1023","51615","5.6","5.8","39.7","29.5"
"13323","4218","147690","7.8","13.8","43.0","20.9"
"13324","340","43946","4.0","21.4","48.4","32.8"
"13325","1996","75412","5.6","12.1","45.7","26.5"
"13326","3424","103004","7.9","24.5","34.0","36.4"
"13327","913","86849","4.1","12.7","25.1","26.9"
"13328","4850","105387","13.1","20.7","29.7","31.5"
"13329","882","38199","11.1","9.9","37.7","19.7"
"13330","4155","122115","7.6","11.6","42.4","36.9"
"13331","107","146927","4.8","19.4","27.6","24.4"
"13332","3873","55901","5.3","6.1","33.5","39.6"
"13333","4770","104975","4.4","6.9","30.7","25.8"
"13334","3239","48823","4.9","10.3","34.2","22.7"
"13335","3889","27334","8.1","10.0","29.9","32.6"
"13336","4151","129534","5.9","6.3","24.7","18.3"
"13337","617","148265","13.6","24.4","34.6","19.7"
"13338","3290","73200","14.5","10.9","48.5","15.8"
"13339","3202","91138","11.3","19.5","23.2","18.6"
"13340","4678","90196","12.7","12.9","45.1","31.6"
"13341","2816","73437","6.1","24.8","42.1","29.0"
"13342","678","40034","11.0","7.8","29.9","38.1"
"13343","4582","140130","3.7","12.5","24.1","34.5"
"13344","4607","55613","14.5","13.6","48.0","36.1"
"13345","1965","110227","11.0","19.3","31.4","27.2"
"13346","1476","131145","6.8","14.9","33.0","18.8"
"13347","3038","101360","12.3","20.0","29.6","31.0"
"13348","1005","96392","3.2","21.8","45.4","37.6"
"13349","1064","37159","7.5","10.8","26.8","31.9"
"13350","2076","44685","13.7","21.1","42.8","38.9"
"13351","4859","27301","6.2","14.8","27.4","33.7"
"13352","1987","48479","11.0","6.5","30.2","19.7"
"13353","2547","81993","7.3","10.9","47.7","37.8"
"13354","1091","144138","7.7","21.1","38.5","35.1"
"13355","3656","39073","12.0","12.8","40.8","24.4"
"13356","4059","28566","13.9","6.9","38.8","19.2"
"13357","3704","47937","5.0","17.8","25.4","29.8"
"13358","1183","106094","6.3","22.0","40.0","20.2"
"13359","534","76628","8.9","7.7","36.2","37.8"
"13360","120","90263","10.4","15.9","44.8","29.9"
"13361","3022","104596","8.6","9.2","49.6","15.6"
"13362","2025","86914","12.7","11.8","38.7","26.5"
"13363","1572","89075","12.2","13.3","30.0","34.7"
"13364","1199","32120","7.9","5.1","45.7","28.5"
"13365","2737","56636","3.5","12.1","45.3","28.5"
"13366","489","143698","5.3","11.2","45.7","33.1"
"13367","3513","43773","8.8","18.4","30.8","28.9"
"13368","2715","43214","14.1","22.6","32.4","31.0"
"13369","1454","129844","9.8","7.1","43.1","16.5"
"13370","4621","110993","9.4","14.7","32.7","30.8"
"13371","105","128849","11.7","10.5","34.7","20.7"
"13372","290","87508","4.8","24.8","20.3","34.7"
"13373","247","118526","4.8","20.6","46.7","25.9"
"13374","4600","89178","7.1","7.4","34.3","20.4"
"13375","4453","46213","14.9","12.4","47.1","16.6"
"13376","3650","131358","13.5","7.2","49.1","21.6"
"13377","4205","54712","11.2","20.7","24.8","36.6"
"13378","1210","141954","7.7","14.7","22.6","31.6"
"13379","3933","66555","9.7","17.9","40.1","26.3"
"13380","724","82534","6.6","16.5","27.6","23.3"
"13381","4225","93998","11.1","8.7","33.2","23.1"
"13382","2275","89950","8.0","5.3","20.2","25.2"
"13383","3249","148523","4.4","22.4","32.8","15.6"
"13384","1178","40856","5.6","6.8","49.1","31.1"
"13385","3651","80070","10.3","20.8","22.9","23.6"
"13386","2452","102917","11.3","8.8","40.6","28.8"
"13387","645","83462","4.2","22.1","36.0","27.6"
"13388","1295","45151","12.7","16.9","45.5","24.7"
"13389","2169","133163","12.9","13.0","39.5","31.1"
"13390","3458","108025","11.7","18.2","20.0","37.6"
"13391","2538","135931","11.2","10.5","40.2","38.8"
"13392","716","93391","5.8","13.4","44.5","21.3"
"13393","4344","97039","14.0","21.5","42.0","35.9"
"13394","3443","104860","6.2","5.2","41.9","15.8"
"13395","1911","109079","5.2","9.7","46.5","22.1"
"13396","271","127702","10.7","19.8","38.2","21.4"
"13397","4242","39129","7.4","19.4","40.1","19.8"
"13398","725","71998","14.2","8.3","36.1","19.7"
"13399","4163","45530","8.5","24.7","48.4","21.6"
"13400","2354","50381","5.0","18.5","40.2","32.7"
"13401","552","96560","14.5","12.4","28.5","25.2"
"13402","1518","132196","9.2","12.0","45.3","37.5"
"13403","853","127095","9.2","15.5","30.1","35.5"
"13404","3472","128060","7.6","5.7","45.8","21.1"
"13405","2823","67760","13.0","19.3","25.1","36.4"
"13406","3110","43291","6.5","6.4","25.7","36.6"
"13407","3011","104128","3.2","18.1","35.7","28.1"
"13408","1325","58904","9.0","21.0","31.0","19.7"
"13409","267","45515","14.1","23.1","48.5","27.9"
"13410","3785","25622","6.3","8.0","41.4","15.6"
"13411","185","32245","6.2","19.9","34.7","15.3"
"13412","1777","142584","11.9","24.7","49.0","27.6"
"13413","2082","112579","12.3","6.4","48.2","37.9"
"13414","1586","105831","8.2","5.6","26.6","18.4"
"13415","541","88532","13.0","9.2","27.2","24.2"
"13416","370","128272","5.1","9.1","44.2","27.2"
"13417","443","89439","7.4","11.4","33.0","28.3"
"13418","1306","63191","7.9","23.5","24.5","35.5"
"13419","3181","91951","6.8","18.7","47.6","19.0"
"13420","1357","130101","5.6","5.2","42.2","15.6"
"13421","2391","108982","7.1","14.9","31.4","33.2"
"13422","1632","142375","3.2","22.5","49.6","36.3"
"13423","3522","127566","11.4","15.7","38.6","25.1"
"13424","4462","124992","11.2","8.9","35.4","38.9"
"13425","1753","29158","8.4","24.1","35.7","28.2"
"13426","338","49122","6.9","11.1","30.3","32.2"
"13427","1014","131698","8.2","12.0","29.6","27.5"
"13428","1538","120388","14.2","12.1","49.1","20.3"
"13429","3116","83882","10.2","12.9","46.2","23.1"
"13430","1560","139214","11.8","19.2","28.5","38.9"
"13431","3179","121533","5.8","11.3","47.8","28.2"
"13432","2358","91660","4.1","14.3","22.5","38.8"
"13433","466","83238","4.0","10.3","28.6","23.6"
"13434","3091","112208","8.7","15.2","47.5","39.8"
"13435","3841","83899","11.6","23.9","21.9","31.2"
"13436","185","43834","12.3","10.8","47.8","35.2"
"13437","2593","136756","11.6","21.3","30.7","17.8"
"13438","4815","31490","14.0","9.4","25.4","37.1"
"13439","231","66746","3.6","7.9","24.9","15.5"
"13440","1003","34167","13.3","6.8","32.4","16.6"
"13441","3556","95465","10.9","24.6","41.0","23.9"
"13442","1321","94824","5.1","16.4","39.4","22.5"
"13443","1863","44330","11.2","15.3","29.6","19.6"
"13444","2904","100927","9.1","5.1","32.8","34.5"
"13445","1326","131219","7.3","14.7","27.7","25.3"
"13446","1384","53453","6.0","18.3","32.2","37.2"
"13447","789","135977","8.6","13.2","25.8","15.7"
"13448","4882","39263","5.9","7.6","42.8","23.5"
"13449","4981","52855","4.0","10.4","31.7","19.6"
"13450","4535","109956","13.2","19.3","30.6","26.0"
"13451","4607","147404","10.1","14.5","38.7","39.9"
"13452","2096","61843","7.4","14.6","27.9","37.1"
"13453","4481","145195","8.4","5.8","32.4","31.1"
"13454","1209","136693","13.4","15.6","22.5","20.2"
"13455","529","145784","6.8","13.5","24.1","31.1"
"13456","4226","135763","7.6","22.6","35.7","20.6"
"13457","3881","114644","12.2","12.6","50.0","16.6"
"13458","702","148216","5.4","17.2","36.8","32.3"
"13459","539","94203","10.9","23.7","33.7","34.6"
"13460","1084","134435","8.2","16.3","27.0","21.9"
"13461","2018","104278","9.0","5.6","31.0","19.3"
"13462","4607","99332","12.4","7.0","43.8","35.2"
"13463","627","43920","14.9","24.3","33.9","18.3"
"13464","4505","123969","13.0","16.0","40.7","39.2"
"13465","3096","142605","4.9","8.8","30.0","15.3"
"13466","3567","26232","5.7","16.4","25.9","29.4"
"13467","1461","102515","7.9","24.1","35.9","29.6"
"13468","803","49311","11.6","5.9","30.6","27.4"
"13469","762","122627","9.1","15.5","23.3","33.9"
"13470","464","112944","13.8","7.7","30.3","30.3"
"13471","1022","131847","3.6","13.9","32.4","39.2"
"13472","3956","100489","6.1","18.1","42.0","16.8"
"13473","275","109815","5.6","14.2","32.7","25.0"
"13474","1035","55767","11.9","24.3","47.6","27.3"
"13475","481","81565","8.6","16.7","39.1","32.5"
"13476","405","113094","3.2","24.3","46.4","16.3"
"13477","4797","86110","12.3","11.3","25.9","34.9"
"13478","2490","45954","7.3","5.4","44.7","18.1"
"13479","2303","84868","6.1","8.1","22.5","15.0"
"13480","4907","32424","5.2","6.4","41.9","26.6"
"13481","1565","149029","14.4","19.8","30.0","20.2"
"13482","3371","96898","14.3","8.8","29.0","38.8"
"13483","502","113308","3.9","20.1","39.8","31.9"
"13484","4809","40839","5.8","15.8","22.1","35.7"
"13485","2770","95074","10.8","9.3","48.6","38.3"
"13486","1901","71730","11.0","17.3","27.0","17.2"
"13487","2750","31644","8.0","5.2","44.5","29.7"
"13488","276","48778","9.8","11.7","40.4","27.0"
"13489","4644","123093","11.4","20.7","32.2","32.5"
"13490","842","56488","14.4","20.0","41.6","32.1"
"13491","2448","29350","11.7","20.8","30.7","36.9"
"13492","4502","25069","4.3","16.8","40.0","25.9"
"13493","850","56174","11.6","16.5","20.1","18.3"
"13494","968","50153","3.8","13.1","48.7","34.1"
"13495","4162","32169","9.0","24.0","24.5","16.8"
"13496","4067","144278","9.3","24.0","35.5","23.5"
"13497","313","94620","12.3","5.2","27.9","36.6"
"13498","1717","38068","3.1","24.2","31.4","39.9"
"13499","2630","117562","13.5","22.4","30.0","27.8"
"13500","3433","38138","11.0","17.1","49.4","34.3"
"13501","1697","145622","3.4","11.5","23.9","15.9"
"13502","611","98856","4.9","13.4","24.5","36.9"
"13503","352","26506","3.5","22.0","49.1","21.1"
"13504","4233","37280","12.2","8.0","24.0","17.4"
"13505","728","55865","5.1","17.4","22.6","21.0"
"13506","3576","124952","3.5","9.6","35.2","31.0"
"13507","1086","115104","4.7","12.6","26.1","34.7"
"13508","1825","39111","9.7","5.1","26.4","22.6"
"13509","2193","60935","8.9","24.4","44.6","19.8"
"13510","1801","109468","6.0","7.2","27.1","36.9"
"13511","404","92015","14.3","20.3","29.8","30.4"
"13512","4178","149682","13.3","16.2","40.0","32.1"
"13513","2380","30523","6.8","21.6","49.7","15.6"
"13514","4440","123311","8.7","15.3","34.7","33.7"
"13515","2907","107139","9.2","24.7","39.9","21.5"
"13516","2986","99452","12.1","17.1","35.0","32.5"
"13517","3554","78349","8.1","17.3","25.4","36.4"
"13518","1124","137293","9.6","23.4","33.3","16.1"
"13519","4412","31917","8.0","10.2","38.9","18.7"
"13520","3075","92585","12.2","12.3","21.9","21.5"
"13521","606","61553","9.7","18.3","25.1","20.5"
"13522","4956","98193","12.9","7.8","44.5","37.8"
"13523","3051","143600","3.6","21.2","22.5","30.7"
"13524","1153","66730","13.9","16.8","25.0","39.7"
"13525","2774","87273","12.8","20.1","27.6","15.4"
"13526","2667","140427","12.8","24.8","21.7","19.8"
"13527","2004","45679","4.7","24.5","43.7","36.0"
"13528","4470","121200","6.2","14.0","36.0","28.8"
"13529","4687","45505","14.8","10.6","26.1","27.6"
"13530","2994","67977","14.4","17.7","22.9","36.2"
"13531","1200","144727","5.7","19.2","37.2","37.9"
"13532","3761","122629","8.2","10.9","38.2","26.6"
"13533","1736","86541","4.9","10.6","40.6","20.9"
"13534","1555","81967","6.2","9.3","43.2","17.3"
"13535","3713","122218","5.2","23.2","49.2","35.3"
"13536","138","38642","4.0","7.0","45.1","25.7"
"13537","3184","146688","10.0","9.9","27.1","17.6"
"13538","4339","88859","5.9","17.5","22.4","21.0"
"13539","2831","82540","14.9","14.4","22.8","30.7"
"13540","2515","140197","9.2","7.4","45.1","28.2"
"13541","858","108915","7.3","10.8","42.8","39.0"
"13542","4442","58782","14.0","13.2","21.3","27.3"
"13543","3216","110021","10.4","24.2","42.0","17.6"
"13544","864","107842","4.5","12.9","42.1","25.9"
"13545","2522","133287","9.0","7.3","44.6","18.3"
"13546","1414","116667","8.3","24.4","39.7","21.7"
"13547","4402","128731","12.2","13.7","36.2","31.3"
"13548","4095","33212","11.3","7.8","28.9","34.4"
"13549","4129","149802","7.4","17.2","21.8","26.3"
"13550","3793","42448","8.6","21.2","22.9","38.3"
"13551","3285","112931","9.2","19.2","33.1","28.1"
"13552","2966","137113","8.1","11.2","25.4","19.2"
"13553","1417","117095","4.3","9.8","20.5","25.7"
"13554","800","43283","13.9","22.7","33.7","26.1"
"13555","4483","123294","11.1","8.9","49.9","22.0"
"13556","2301","122219","8.6","20.1","49.2","27.2"
"13557","1693","126847","9.8","5.5","42.7","31.3"
"13558","4087","75118","5.6","13.4","27.6","31.4"
"13559","4245","145471","9.4","24.7","43.6","16.8"
"13560","1330","136923","12.0","17.7","39.0","28.0"
"13561","2712","117618","9.4","11.2","29.9","16.3"
"13562","3237","50089","8.8","19.0","21.4","19.9"
"13563","2008","61342","8.5","12.1","34.7","28.9"
"13564","1890","118227","12.1","23.8","37.6","27.9"
"13565","3028","25040","12.0","9.7","38.3","35.3"
"13566","1188","64749","12.0","11.4","29.1","24.9"
"13567","2481","74414","6.0","18.8","41.5","33.3"
"13568","4227","136909","10.4","20.9","40.5","21.7"
"13569","3045","131449","12.3","16.5","29.1","19.3"
"13570","3669","89172","9.7","10.8","42.1","33.6"
"13571","1265","66992","12.3","16.5","42.4","23.7"
"13572","700","59587","13.3","9.4","45.1","37.7"
"13573","2125","105894","5.1","6.1","32.8","30.1"
"13574","1684","74279","6.7","23.4","48.1","37.7"
"13575","1087","109498","10.2","14.6","48.9","32.4"
"13576","2065","121195","6.5","14.6","41.5","39.3"
"13577","1539","56363","14.3","19.9","39.7","23.5"
"13578","4715","37812","5.3","16.2","44.6","37.8"
"13579","968","112771","7.3","14.1","24.1","33.0"
"13580","2163","106912","14.9","20.9","43.3","22.3"
"13581","1229","139442","5.3","14.5","33.1","17.3"
"13582","4478","54428","8.4","23.3","47.4","36.3"
"13583","4556","49321","6.8","11.1","22.8","31.4"
"13584","3829","142899","12.7","5.7","25.5","26.3"
"13585","2034","34085","6.6","8.0","30.9","32.5"
"13586","1176","93342","4.9","21.4","49.1","22.3"
"13587","1739","125583","14.2","23.5","37.7","26.0"
"13588","1492","48460","6.8","6.5","47.6","34.6"
"13589","130","63455","11.9","23.2","48.1","35.0"
"13590","803","135679","6.5","23.9","21.0","27.9"
"13591","968","85157","5.1","20.1","41.9","18.9"
"13592","332","120795","12.6","20.2","28.4","24.1"
"13593","1050","82078","3.7","5.0","31.9","34.1"
"13594","158","75939","7.0","9.5","20.2","16.1"
"13595","2918","111652","12.4","9.3","40.8","32.0"
"13596","3700","35440","9.1","16.6","45.5","34.9"
"13597","3249","139051","11.3","18.1","23.0","28.8"
"13598","401","68368","3.8","23.0","38.7","22.4"
"13599","2950","74131","12.0","14.8","27.7","30.5"
"13600","3044","27179","5.1","15.0","49.5","29.5"
"13601","2023","131672","12.7","6.1","21.6","37.0"
"13602","416","126427","9.8","24.9","35.8","34.8"
"13603","1988","30665","11.9","23.9","45.1","26.9"
"13604","2815","131517","5.6","6.4","42.2","32.3"
"13605","4885","140340","7.7","16.2","36.5","19.1"
"13606","1981","28390","12.6","12.0","45.8","29.0"
"13607","3998","148662","13.9","13.6","49.4","16.2"
"13608","4213","33359","5.7","18.0","23.1","23.5"
"13609","1278","116173","12.5","13.4","22.2","19.1"
"13610","3955","99600","4.3","14.9","45.0","20.0"
"13611","4973","26781","8.1","10.5","27.3","33.3"
"13612","4555","80018","14.3","6.6","46.3","24.3"
"13613","431","97619","14.3","20.1","30.4","17.1"
"13614","627","50972","6.6","12.6","26.4","39.1"
"13615","2159","115743","5.3","22.7","29.7","33.8"
"13616","1198","42985","4.8","23.9","47.3","39.8"
"13617","311","109801","8.8","6.8","42.2","18.4"
"13618","1814","83794","4.1","18.7","21.2","39.0"
"13619","2788","125167","7.3","21.4","49.7","16.5"
"13620","2430","81485","3.2","17.9","26.4","24.6"
"13621","3366","124025","6.1","11.6","34.6","30.2"
"13622","1132","90013","13.8","10.7","26.8","27.3"
"13623","1432","97778","8.4","14.2","28.3","25.9"
"13624","1940","122925","3.9","10.2","22.1","28.2"
"13625","4786","102064","10.8","22.9","39.8","21.4"
"13626","2238","147261","14.5","6.0","36.0","15.0"
"13627","4651","65621","8.6","7.3","40.0","18.7"
"13628","4191","74394","10.5","17.1","31.2","18.2"
"13629","543","84992","14.0","18.2","45.9","22.4"
"13630","4274","97441","8.0","19.7","35.9","27.4"
"13631","1598","95174","11.0","10.5","48.8","36.0"
"13632","1026","127676","8.3","10.9","45.0","31.0"
"13633","722","78797","14.5","13.3","36.4","33.0"
"13634","1579","145115","9.0","9.7","49.3","27.2"
"13635","3137","82746","13.6","12.5","26.9","25.5"
"13636","3485","56369","9.1","18.9","37.5","28.3"
"13637","3418","75605","11.0","15.0","40.9","20.9"
"13638","333","50572","7.6","24.3","22.4","34.5"
"13639","1717","61939","14.0","16.6","35.4","34.0"
"13640","2791","47866","10.8","11.6","25.3","34.8"
"13641","2130","81060","3.2","8.6","40.4","23.8"
"13642","486","46953","3.2","9.4","24.5","23.9"
"13643","1734","118262","11.1","5.3","43.6","18.0"
"13644","4233","72141","4.4","13.8","38.1","29.7"
"13645","1284","135909","11.6","24.2","24.8","27.3"
"13646","2067","138991","6.9","20.5","38.5","18.5"
"13647","340","28501","9.5","11.0","20.2","20.1"
"13648","661","91722","5.1","21.0","21.1","18.2"
"13649","2099","124685","6.0","23.6","26.6","30.8"
"13650","2029","72018","8.2","18.5","31.3","19.6"
"13651","2879","89127","11.0","15.2","24.4","31.2"
"13652","1775","80965","4.9","7.7","43.6","27.2"
"13653","2615","103152","6.4","6.6","23.4","20.3"
"13654","1777","84198","5.5","9.4","21.3","15.7"
"13655","4241","139077","13.4","18.3","20.2","17.5"
"13656","3846","43288","10.8","8.1","36.9","23.4"
"13657","3456","135162","8.6","15.7","37.2","29.9"
"13658","1751","117060","14.4","13.7","25.6","17.2"
"13659","4277","37225","11.8","17.6","27.9","27.9"
"13660","3941","119683","14.2","6.0","43.4","33.3"
"13661","2541","135023","10.2","24.6","46.8","36.9"
"13662","4985","26752","4.7","18.8","29.8","35.8"
"13663","694","51313","11.1","19.4","33.1","18.4"
"13664","2712","149693","5.4","5.3","22.1","39.8"
"13665","4196","125258","7.2","6.6","45.4","39.6"
"13666","1596","112191","9.1","18.8","39.7","29.1"
"13667","3655","123841","4.9","7.2","22.4","29.7"
"13668","4961","81734","3.2","22.9","37.7","21.8"
"13669","4866","43774","6.9","17.4","23.1","21.8"
"13670","3458","51365","12.9","6.4","42.3","20.8"
"13671","1701","139049","3.2","17.3","24.0","27.1"
"13672","1014","147618","4.3","21.1","34.0","36.3"
"13673","1944","99918","12.7","21.0","41.3","26.4"
"13674","2095","127240","6.7","13.0","25.5","28.3"
"13675","194","108415","14.3","14.2","23.0","38.3"
"13676","592","84531","7.6","19.7","42.7","23.0"
"13677","3169","56972","12.6","22.5","42.1","34.6"
"13678","249","63984","6.1","20.9","30.1","26.9"
"13679","1146","45907","3.7","16.9","26.4","31.6"
"13680","2903","28370","13.6","19.5","47.6","19.3"
"13681","498","91795","14.1","18.0","39.4","23.9"
"13682","4576","30826","11.5","16.5","36.0","33.8"
"13683","651","78227","12.2","23.4","28.2","27.1"
"13684","394","126334","3.1","18.0","31.0","23.0"
"13685","1243","29695","12.0","12.6","30.1","32.6"
"13686","555","57864","8.7","24.5","48.6","27.6"
"13687","1653","103301","8.4","24.0","24.1","30.2"
"13688","268","136613","9.5","20.6","33.0","33.8"
"13689","4905","86930","6.3","5.7","21.3","20.8"
"13690","2046","123241","11.4","19.6","35.6","26.2"
"13691","353","83663","6.5","5.6","45.3","38.1"
"13692","2476","78653","9.7","6.5","49.0","33.2"
"13693","1420","115826","4.6","12.1","29.3","17.8"
"13694","2983","109414","11.1","11.3","25.8","17.2"
"13695","3707","142434","5.3","16.3","38.6","33.7"
"13696","2225","29043","5.0","9.9","29.3","31.1"
"13697","3596","38586","3.3","9.0","23.0","32.0"
"13698","2340","95675","4.5","18.3","26.2","27.9"
"13699","500","57630","5.8","13.9","20.6","32.5"
"13700","2256","74736","5.7","6.1","46.5","38.0"
"13701","2476","72530","6.9","13.8","31.3","25.7"
"13702","462","140641","3.7","20.2","43.4","40.0"
"13703","4038","27897","14.2","6.3","39.7","27.7"
"13704","3951","130832","4.4","23.3","25.8","20.9"
"13705","3512","27030","11.4","14.5","31.9","33.8"
"13706","2406","106205","9.4","15.2","33.4","31.7"
"13707","184","107513","9.6","11.0","39.5","26.3"
"13708","1924","125135","4.3","17.9","47.8","34.2"
"13709","3985","148235","5.9","5.4","25.7","38.2"
"13710","407","39362","12.4","19.8","32.1","16.6"
"13711","4457","67636","8.6","7.0","26.1","36.8"
"13712","2021","97135","8.5","13.9","44.7","26.2"
"13713","730","57879","9.6","7.9","42.1","28.0"
"13714","4875","118846","8.2","8.4","44.8","15.9"
"13715","2471","62238","12.7","14.3","43.2","20.3"
"13716","3400","104162","12.0","6.3","20.8","32.6"
"13717","3767","50420","6.8","8.0","28.0","25.2"
"13718","826","125477","12.7","15.9","30.6","23.7"
"13719","1748","28078","9.2","18.9","44.1","16.9"
"13720","4412","91919","10.5","12.2","45.6","33.2"
"13721","1369","64489","13.4","22.3","34.1","18.9"
"13722","4643","28970","8.7","8.2","49.6","24.7"
"13723","418","74513","12.1","16.2","35.9","20.6"
"13724","3575","148558","10.5","6.8","35.3","30.5"
"13725","2878","95614","8.1","8.3","36.1","28.0"
"13726","3158","60579","12.5","23.2","42.1","20.2"
"13727","4234","76974","4.3","24.9","31.3","18.1"
"13728","1702","149611","10.0","24.9","47.2","27.3"
"13729","2356","137628","3.6","21.0","36.5","27.8"
"13730","929","39006","4.9","9.0","32.9","18.5"
"13731","955","83631","10.2","10.7","27.4","26.1"
"13732","2748","46279","6.7","6.8","31.0","39.7"
"13733","1958","148154","6.1","6.1","39.8","24.3"
"13734","1202","104477","14.5","19.7","49.2","32.3"
"13735","2581","138035","7.4","15.8","37.5","19.5"
"13736","1920","104160","9.8","18.2","36.1","37.2"
"13737","2179","124209","9.4","16.6","29.1","23.9"
"13738","3258","115061","3.7","5.2","47.6","21.1"
"13739","2540","141570","11.1","11.4","38.4","30.1"
"13740","3784","123795","9.2","18.8","45.5","30.2"
"13741","1355","38715","7.6","22.2","22.0","22.2"
"13742","3057","72480","3.8","8.1","43.0","25.2"
"13743","3751","147499","6.5","7.4","27.9","23.0"
"13744","2339","66500","13.6","24.2","48.7","37.2"
"13745","2039","126190","5.1","24.3","24.4","30.1"
"13746","369","37607","5.6","20.0","23.2","36.3"
"13747","4930","145820","5.5","6.2","30.3","26.8"
"13748","4164","72328","13.7","17.6","29.0","15.4"
"13749","3875","107375","11.4","7.6","49.6","19.8"
"13750","1212","123954","13.6","21.9","38.7","34.2"
"13751","748","116424","14.0","11.1","43.4","19.6"
"13752","1279","140992","14.1","14.5","24.3","36.5"
"13753","2242","78664","8.8","8.7","49.9","22.5"
"13754","116","137099","8.7","19.5","46.0","19.8"
"13755","216","110529","12.9","15.0","48.5","18.3"
"13756","1645","66763","7.0","19.1","26.5","31.2"
"13757","3251","89266","3.3","11.4","29.7","36.8"
"13758","2793","83141","7.0","12.5","46.1","29.3"
"13759","4189","61152","11.6","22.9","31.2","26.7"
"13760","1376","62472","4.5","10.1","20.4","26.1"
"13761","3340","57393","12.4","23.1","48.2","25.6"
"13762","3888","84356","12.8","6.5","25.6","38.1"
"13763","471","68800","4.2","8.2","20.4","40.0"
"13764","2907","79879","4.2","18.3","29.1","31.6"
"13765","255","90475","5.4","24.9","40.5","32.2"
"13766","2761","36254","7.3","23.7","39.0","38.8"
"13767","564","148960","9.4","15.2","26.0","15.0"
"13768","4978","89634","8.8","15.6","34.0","20.4"
"13769","4999","41102","13.2","16.5","40.4","36.7"
"13770","4415","132809","4.7","20.8","37.2","32.5"
"13771","1873","44029","11.4","16.0","41.8","16.4"
"13772","216","114036","9.6","7.4","33.2","16.9"
"13773","2203","46813","11.8","21.8","31.7","24.8"
"13774","1474","85978","7.1","22.7","21.7","37.5"
"13775","3303","89739","8.7","23.4","46.8","30.9"
"13776","4503","27053","3.3","13.4","46.4","37.6"
"13777","3646","44898","4.4","9.4","32.9","25.3"
"13778","4077","123613","7.5","7.4","44.8","16.9"
"13779","4417","148664","8.8","15.5","38.7","22.4"
"13780","1296","55617","4.0","10.5","27.6","34.3"
"13781","3511","105727","12.9","13.5","25.3","28.1"
"13782","896","46384","14.4","7.0","21.5","34.1"
"13783","3992","95657","10.2","9.0","39.8","30.0"
"13784","250","123067","3.6","13.8","28.5","36.4"
"13785","3349","112642","11.9","8.6","46.9","19.6"
"13786","211","122029","5.6","9.5","45.6","22.7"
"13787","782","130201","11.8","5.4","41.6","34.9"
"13788","1261","112414","8.2","6.5","38.5","24.5"
"13789","2479","73373","3.6","7.3","47.8","23.8"
"13790","260","81791","6.3","18.1","45.3","31.0"
"13791","1525","100342","8.1","8.0","27.9","29.1"
"13792","3761","132318","11.8","22.6","27.7","20.5"
"13793","377","34519","4.6","20.7","20.7","21.3"
"13794","3491","106977","6.4","21.3","34.7","27.0"
"13795","1656","59016","4.0","12.0","33.7","28.1"
"13796","4692","116561","10.4","6.2","27.5","30.7"
"13797","2015","54897","8.7","6.5","49.0","35.0"
"13798","4850","145724","14.1","18.8","36.3","38.4"
"13799","3207","107437","11.9","23.5","24.6","33.4"
"13800","402","108997","12.3","8.5","45.3","34.3"
"13801","4633","115262","5.0","22.3","33.3","37.8"
"13802","2873","141845","6.2","18.1","42.7","22.3"
"13803","4381","87584","9.2","18.5","30.9","28.9"
"13804","3345","31384","3.2","19.0","22.2","37.5"
"13805","4868","73898","13.4","6.2","49.7","30.3"
"13806","1100","61441","12.3","17.1","44.9","32.4"
"13807","3934","147785","3.7","14.7","26.7","20.9"
"13808","4106","62917","13.2","21.7","45.1","15.6"
"13809","4878","109433","3.1","13.6","44.3","16.1"
"13810","1818","31608","4.4","15.2","44.1","17.1"
"13811","3930","133780","3.7","16.6","27.4","30.2"
"13812","3281","42778","8.7","16.7","24.7","22.1"
"13813","2982","43089","12.4","13.0","35.4","22.6"
"13814","1098","67132","5.1","8.3","41.2","23.7"
"13815","384","109341","12.3","10.0","34.3","23.4"
"13816","520","33791","5.2","13.2","32.7","38.4"
"13817","2260","121771","14.9","17.4","33.9","24.3"
"13818","3165","110424","13.2","14.1","48.6","27.7"
"13819","2375","109219","11.8","20.8","47.7","31.0"
"13820","1594","110935","10.1","16.5","48.2","39.5"
"13821","3984","75648","5.9","11.9","29.0","33.4"
"13822","4723","64474","4.4","14.9","20.8","30.0"
"13823","2643","138175","8.5","12.2","49.3","22.6"
"13824","4226","69077","7.8","5.6","21.9","37.2"
"13825","4357","31771","11.1","10.6","48.2","33.4"
"13826","1941","81858","5.0","14.0","35.0","18.2"
"13827","4900","54278","9.7","10.1","37.4","32.9"
"13828","821","41238","11.3","19.4","22.5","16.2"
"13829","1501","50010","6.6","22.2","47.6","36.1"
"13830","545","27658","12.4","10.9","24.5","35.2"
"13831","2891","36891","8.2","5.5","46.4","34.6"
"13832","4622","60091","5.0","22.5","25.8","29.3"
"13833","3867","60663","5.3","16.5","25.6","18.4"
"13834","2651","92067","6.3","5.1","24.5","38.9"
"13835","2067","101894","4.9","15.0","24.7","26.9"
"13836","3988","120942","9.8","6.9","40.1","27.3"
"13837","4916","106041","14.4","18.5","20.1","30.5"
"13838","2831","56623","13.8","15.7","44.0","23.8"
"13839","2729","136258","6.9","23.3","41.8","31.6"
"13840","2064","58549","13.4","12.9","32.5","32.0"
"13841","1157","124729","14.4","23.5","44.9","38.7"
"13842","4931","128232","6.5","21.7","40.9","19.1"
"13843","857","93087","13.9","20.0","49.1","28.1"
"13844","1895","53062","15.0","13.8","39.7","29.8"
"13845","1743","101051","12.6","13.3","38.9","33.0"
"13846","4949","70381","7.7","12.9","23.1","16.2"
"13847","123","147111","10.3","6.0","46.8","19.3"
"13848","1339","123860","7.4","17.1","38.7","16.2"
"13849","4250","33704","15.0","21.0","34.2","27.7"
"13850","3197","36410","3.8","19.9","20.3","36.4"
"13851","1404","96974","13.7","16.7","35.0","31.3"
"13852","2642","47902","3.9","12.1","37.5","28.3"
"13853","3812","30786","3.5","18.9","41.3","15.3"
"13854","4055","61919","14.3","15.6","25.1","18.3"
"13855","4629","103735","13.4","21.8","22.9","29.8"
"13856","4403","96629","7.3","10.5","37.1","21.0"
"13857","4328","73353","14.5","7.0","45.3","39.5"
"13858","1405","53691","13.3","5.1","39.2","25.0"
"13859","4564","56902","13.8","19.9","43.0","22.4"
"13860","3274","142587","10.1","17.0","30.8","28.7"
"13861","3728","48118","14.5","6.2","26.0","18.0"
"13862","881","30016","12.7","21.8","27.9","28.0"
"13863","666","64277","14.3","14.5","26.2","37.2"
"13864","4722","135592","6.4","14.2","47.3","20.9"
"13865","4232","126264","9.4","18.7","47.8","20.9"
"13866","4373","46327","13.4","17.7","37.3","16.0"
"13867","738","116364","10.0","9.8","39.3","37.3"
"13868","3800","66684","12.6","17.9","46.5","34.6"
"13869","4267","108226","14.7","22.2","29.5","25.5"
"13870","2499","140447","12.7","12.8","28.0","27.5"
"13871","2770","112158","6.8","10.8","46.9","18.2"
"13872","1272","39202","4.4","6.2","25.6","33.9"
"13873","1820","107146","6.3","17.1","50.0","17.8"
"13874","204","122303","11.0","20.1","43.9","27.4"
"13875","1782","78949","3.1","24.4","46.5","15.6"
"13876","4416","99035","5.3","17.2","27.9","24.7"
"13877","1949","143066","6.9","14.0","45.5","24.3"
"13878","962","85353","13.5","23.7","30.8","17.3"
"13879","3545","80864","3.6","8.6","32.8","21.7"
"13880","2665","116629","3.6","19.2","39.4","23.7"
"13881","398","149411","9.6","11.5","48.7","15.6"
"13882","3008","57054","5.1","22.2","36.2","20.0"
"13883","4237","67804","5.9","19.9","38.2","34.6"
"13884","870","95744","5.2","11.7","47.0","32.6"
"13885","2639","97978","10.0","20.5","26.9","24.6"
"13886","1562","68628","3.7","22.8","34.4","31.3"
"13887","3954","111668","14.3","10.0","46.3","36.8"
"13888","3218","148676","4.5","16.4","44.9","33.8"
"13889","2232","97581","14.4","13.4","21.8","27.6"
"13890","1809","74015","12.3","23.5","21.7","38.7"
"13891","1090","32624","12.9","24.4","45.9","26.3"
"13892","810","108699","5.1","7.1","27.8","32.2"
"13893","4404","103720","11.0","16.0","30.6","30.1"
"13894","138","81215","12.8","15.6","40.3","24.6"
"13895","1375","107505","9.7","22.4","39.9","33.4"
"13896","4957","141066","9.6","20.6","41.1","31.5"
"13897","1536","103085","4.9","10.7","22.6","15.3"
"13898","3093","87639","8.0","15.4","38.0","16.1"
"13899","1569","88891","4.8","12.6","34.4","37.2"
"13900","2199","56973","14.7","12.1","44.2","15.7"
"13901","473","47091","11.2","19.6","24.6","24.3"
"13902","4351","46826","3.6","17.0","41.1","24.6"
"13903","4125","37982","8.7","9.0","42.9","18.0"
"13904","1213","130233","10.7","17.4","49.6","28.2"
"13905","2826","31420","4.1","14.3","38.4","19.6"
"13906","2498","69770","11.0","11.8","27.8","27.9"
"13907","3334","29031","5.1","6.3","45.4","25.8"
"13908","1365","85068","7.9","23.6","43.9","22.7"
"13909","3223","130746","10.5","22.2","21.1","23.0"
"13910","753","64128","7.4","11.1","42.7","17.3"
"13911","4258","108767","7.6","16.1","40.7","37.5"
"13912","608","117349","13.1","22.3","27.2","25.1"
"13913","2439","140729","6.7","15.4","37.7","37.7"
"13914","3262","62607","10.9","7.8","35.8","18.7"
"13915","1787","134981","13.2","14.5","28.0","23.9"
"13916","1488","97887","4.8","11.3","33.9","38.3"
"13917","2297","147473","3.6","14.2","25.8","35.8"
"13918","4011","107162","12.9","22.0","24.8","33.9"
"13919","3028","128849","9.6","13.2","48.2","23.5"
"13920","4899","27100","12.9","21.0","37.2","15.9"
"13921","615","99977","5.6","9.7","44.3","20.7"
"13922","3758","26737","13.0","16.9","30.2","37.8"
"13923","1933","121817","4.1","13.5","30.2","31.1"
"13924","129","35110","13.6","24.5","35.0","15.8"
"13925","3314","89259","12.9","5.0","45.7","18.5"
"13926","425","142442","9.8","12.3","48.5","30.4"
"13927","3866","42776","10.3","21.3","21.4","24.4"
"13928","4211","33439","7.2","12.8","34.0","37.9"
"13929","210","147423","5.4","9.4","46.3","20.3"
"13930","206","114563","8.5","22.1","36.4","19.7"
"13931","2526","149565","10.9","16.8","33.5","24.6"
"13932","4478","51507","15.0","16.1","24.5","36.3"
"13933","4464","78168","12.8","13.0","33.3","22.7"
"13934","2631","102836","8.2","8.2","42.2","20.9"
"13935","3244","77584","11.9","16.5","40.4","32.3"
"13936","4793","53960","4.3","15.1","33.2","15.9"
"13937","898","78678","8.0","13.0","43.0","26.0"
"13938","2537","136954","8.1","6.5","37.8","39.6"
"13939","2111","65552","15.0","18.0","28.2","23.1"
"13940","525","53560","7.7","17.6","24.2","29.9"
"13941","3144","76233","4.0","16.2","40.0","26.7"
"13942","3388","34539","3.8","7.6","25.3","37.2"
"13943","3014","104398","11.4","11.1","26.3","16.2"
"13944","1339","145263","6.5","14.4","28.4","34.6"
"13945","3491","145032","13.4","19.7","48.5","25.5"
"13946","4313","78888","8.8","9.5","40.4","15.5"
"13947","4097","139820","7.0","21.0","47.8","30.2"
"13948","3106","122759","12.1","11.4","27.3","30.3"
"13949","3139","36815","8.0","18.3","38.5","30.0"
"13950","698","26854","11.8","23.7","40.2","35.4"
"13951","2187","68904","11.6","19.3","48.5","26.0"
"13952","1284","47434","11.7","6.4","34.0","30.9"
"13953","2850","62845","13.3","12.5","39.3","15.6"
"13954","2684","63108","13.2","16.6","46.3","33.6"
"13955","4859","148280","11.0","18.5","24.3","16.3"
"13956","3613","91141","14.5","11.9","47.3","36.7"
"13957","4845","70666","3.2","13.6","29.9","31.0"
"13958","4154","103907","14.2","12.5","32.9","25.4"
"13959","4483","39976","4.8","19.0","35.1","31.9"
"13960","4036","74283","5.5","23.3","41.5","20.6"
"13961","1799","103216","12.8","20.6","24.7","28.5"
"13962","4607","136404","7.8","10.3","40.6","33.3"
"13963","2675","81223","8.1","15.8","22.9","17.2"
"13964","235","119788","6.1","14.6","31.5","17.0"
"13965","2125","31157","5.7","5.3","38.6","37.4"
"13966","3635","80730","4.3","23.8","24.2","36.2"
"13967","4954","121729","5.4","14.3","40.0","23.4"
"13968","2990","55870","9.8","23.9","48.6","32.1"
"13969","2857","106581","11.5","18.3","48.7","30.0"
"13970","3873","113533","11.9","19.2","37.6","33.0"
"13971","480","144194","7.4","13.5","35.6","22.8"
"13972","1628","54016","14.1","22.2","33.1","26.6"
"13973","4671","140491","6.9","8.7","33.7","22.3"
"13974","3728","69227","4.3","24.2","37.0","34.6"
"13975","948","121799","14.3","17.3","33.0","20.5"
"13976","4227","112112","9.5","11.6","32.8","37.5"
"13977","2027","111209","14.7","19.8","28.6","36.4"
"13978","2265","136529","7.7","19.9","40.3","33.5"
"13979","4386","126937","12.1","20.5","46.2","39.3"
"13980","2221","120800","4.3","10.9","21.0","28.5"
"13981","4818","123278","13.2","5.5","48.9","22.9"
"13982","3018","27676","5.0","22.8","41.7","32.4"
"13983","4781","26215","3.8","21.0","20.3","39.7"
"13984","572","43861","4.2","13.0","23.0","28.1"
"13985","1887","40860","9.7","8.3","48.0","22.2"
"13986","213","92800","6.5","14.4","40.1","18.3"
"13987","1436","56740","14.5","11.1","21.8","35.3"
"13988","438","147478","13.2","8.9","30.1","23.0"
"13989","2385","25969","12.6","14.7","46.5","33.6"
"13990","1296","64396","12.7","21.6","45.7","38.6"
"13991","178","25600","13.7","16.6","25.7","15.9"
"13992","4659","62223","13.4","14.7","32.7","17.5"
"13993","2752","47325","14.1","24.9","42.6","18.4"
"13994","4757","100060","14.2","20.2","40.6","30.5"
"13995","4480","27716","6.6","7.6","23.0","39.1"
"13996","4418","37708","5.6","13.3","37.9","24.9"
"13997","2740","121836","10.7","14.3","20.8","30.0"
"13998","1356","42165","4.5","17.2","30.8","30.3"
"13999","927","86152","5.5","18.6","35.5","31.1"
